Customer,Asset Name(s) in Syncro,Subscription,Renewal,Unnamed: 4,Today's Date:,Click button to sort by:
Kimberly Kim,KIMBERLY KIM,Value,01-02-2027,,08-28-2026,
Lauren Watson,"LAUREN-WATSON, LAUREN-WATSON-2",Premium,05-07-2027,,,
Charles Williams,"CHARLES-WILLIAMS-DESKTOP, CHARLES-WILLIAMS-LAPTOP",Premium,09-05-2026,,,
Lauren Sanchez,LAUREN SANCHEZ,Value,03-06-2027,,,
Charles Castro,CHARLES-CASTRO,Standard,05-06-2027,,,
Jason Gibson,JASON-PC,Standard,07-07-2027,,,
Helen King,"HELEN-DESKTOP, HELEN-LAPTOP",Premium,09-02-2026,,,
Catherine Moore,CATHERINE-PC,Standard,02-12-2027,,,
Gary Patel (Fairfield Motors),GARY PATEL,Standard,03-07-2027,,,
Larry Green (Ivory Dental),"LARRYGREEN1, LARRYGREEN2",Premium,02-17-2027,,,
Larry Green (Ivory Dental),LARRYGREEN,Standard,03-03-2027,,,
Shirley Morgan,DOUGLAS-OWENS-PC,Value,04-12-2027,,,
Emma Murray,EMMA-MURRAY,Standard,05-16-2027,,,
Robert Kim,ROBERT KIM,Standard,03-07-2027,,,
Anthony Wright,ANTHONY-WRIGHT,Standard,01-27-2027,,,
Helen Robinson,"HELEN-DESKTOP2, HELEN-LAPTOP2",Premium,12-20-2026,,,
Margaret Flores,Margaret Flores,Value,12-22-2026,,,
Anna Reed,ANNA-REED,Standard,10-11-2026,,,
Juan Turner,JUAN-P,Standard,03-27-2027,,,
Rachel Evans,RACHEL EVANS,Value,03-30-2027,,,
Helen Gibson,Helen Gibson,Premium,07-22-2027,,,
Megan Cook,MEGAN-COOK,Standard,10-15-2026,,,
Susan White,SUSAN-WHITE,Standard,03-07-2027,,,
Nathan Peterson,"NATHAN PETERSON, NATHAN-PETERSON-LT",Premium,02-06-2027,,,
Barbara Smith,BARBARA-SMITH,Value,08-04-2027,,,
Joshua & Maria Ramirez,"DEBRA-KING-LA, DEBRA-KING-PC",Premium,10-27-2026,,,
Helen Adams,HELEN-ADAMS,Value,03-05-2027,,,
Kelly Barnes,KELLY-BARNES,Standard,05-18-2027,,,
Janice Williams,JANICE-WILLIAMS,Value,10-02-2026,,,
Mark Martin,Mark-Martin,Standard,08-04-2027,,,
George Owens,GEORGE OWENS,Value,05-08-2027,,,
Elizabeth Patel,ELIZABETH-PATEL,Standard ,04-30-2027,,,
Grace Nguyen,"GRACE-NGUYEN, GRACE-NGUYEN2",Premium,01-14-2027,,,
Henry Allen,Henry Allen,Value,11-06-2026,,,
William Ward,WILLIAM-PC,Value,05-01-2027,,,
Janet Hernandez,JANET-DESKTOP,Standard,08-04-2027,,,
Carolyn Turner,CAROLYN-TURNER,Value,04-07-2027,,,
Shirley Clark,Shirley Clark,Standard ,09-26-2026,,,
Frank Sullivan,FRANK-PC,Standard ,01-23-2027,,,
Gerald Flores,GERALD FLORES,Value ,01-07-2027,,,
Walter & Rebecca Cruz,"JACOB-ADAMS-L, JACOB-ADAMS",Premium,10-21-2026,,,
Melissa Bell,Melissa Bell,Value ,07-28-2027,,,
Michael Rivera (Harborview Services),MICHAEL-RIVERA,Value ,02-27-2027,,,
Debra Bell,DEBRA BELL,Value ,11-28-2026,,,
